{
    "message": "Model working",
    "predict": {
        "ds": [
            "Sat, 14 Mar 2020 00:06:00 GMT",
            "Sun, 15 Mar 2020 00:12:00 GMT",
            "Mon, 16 Mar 2020 00:00:00 GMT",
            "Tue, 17 Mar 2020 00:11:00 GMT",
            "Wed, 18 Mar 2020 00:00:00 GMT",
            "Thu, 19 Mar 2020 00:00:00 GMT",
            "Fri, 20 Mar 2020 00:00:00 GMT",
            "Sat, 21 Mar 2020 00:00:00 GMT",
            "Sun, 22 Mar 2020 00:00:00 GMT"
        ],
        "yhat": [
            -10.765653832663936,
            0.8094474636263058,
            10.581267321353863,
            23.59447818600747,
            33.31840322115927,
            44.6869711664026,
            56.05553911615881,
            67.42410706619927,
            78.79267501509497
        ],
        "yhat_lower": [
            -26.270121924039433,
            -15.889019076602859,
            -7.359564930590955,
            7.075407398204646,
            15.10882104860619,
            27.99441787631946,
            39.41499729078421,
            50.09923316474371,
            62.80230779096435
        ],
        "yhat_upper": [
            7.801708876468568,
            16.888297755127414,
            27.33501788835396,
            40.91479670510691,
            48.58084240781881,
            62.30244843437733,
            72.70263482916869,
            83.85296352222034,
            97.23625022707893
        ]
    },
    "status": 200
}